{"fileName":{"0":"PC-01 (GPC-1134)_Intel Core i5-11400F, Nvidia GeForce RTX 3060, 16 GB RAM, BASE CAMP.csv","1":"PC-01 (GPC-1134)_Intel Core i5-11400F, Nvidia GeForce RTX 3060, 16 GB RAM, BOSS FIGHT.csv","2":"PC-01 (GPC-1134)_Intel Core i5-11400F, Nvidia GeForce RTX 3060, 16 GB RAM, REGULAR GAMEPLAY.csv"},"presentMode":{"0":"Hardware Composed: Independent Flip","1":"Hardware Composed: Independent Flip","2":"Hardware Composed: Independent Flip"},"api":{"0":"DXGI","1":"DXGI","2":"DXGI"},"record":{"0":13030,"1":13429,"2":13319},"tTime":{"0":299900.0,"1":300000.0,"2":299900.0},"mean":{"0":{"FrameTime":23.0206138296,"DisplayedTime":23.0212478511,"CPUUtilization":51.4403075748,"CPUFrequency":4171.9406053415,"GPUUtilization":96.2244052187,"GPUFrequency":1969.5277820414,"GPUMemorySizeUsed":7540962339.3645429611},"1":{"FrameTime":22.3380058232,"DisplayedTime":22.3384718296,"CPUUtilization":45.2589017797,"CPUFrequency":4169.9830999181,"GPUUtilization":97.7094348053,"GPUFrequency":1970.4644426242,"GPUMemorySizeUsed":7331447286.6590213776},"2":{"FrameTime":22.5170965313,"DisplayedTime":22.5167109993,"CPUUtilization":52.5251930926,"CPUFrequency":4172.3317053157,"GPUUtilization":97.5425332232,"GPUFrequency":1971.902845559,"GPUMemorySizeUsed":7345716129.2036943436}},"waitTime":{"0":{"CPUWait":5044.5387,"GPUWait":3046.5443},"1":{"CPUWait":4779.4388,"GPUWait":919.3941},"2":{"CPUWait":4834.8232,"GPUWait":902.1143}},"utilStat":{"0":{"CPUUtilization":{"0.0":43.7966,"0.5":50.6498,"1.0":72.1048},"GPUUtilization":{"0.0":59.0,"0.5":97.0,"1.0":99.0}},"1":{"CPUUtilization":{"0.0":32.9109,"0.5":45.2142,"1.0":55.1093},"GPUUtilization":{"0.0":87.0,"0.5":98.0,"1.0":99.0}},"2":{"CPUUtilization":{"0.0":43.8576,"0.5":53.4389,"1.0":70.9703},"GPUUtilization":{"0.0":83.0,"0.5":98.0,"1.0":99.0}}},"lows":{"0":{"FrameTime":{"0.05":34.1126015337,"0.01":38.5636862595},"DisplayedTime":{"0.05":33.878158104,"0.01":35.7123757576}},"1":{"FrameTime":{"0.05":30.4980096726,"0.01":38.5814866667},"DisplayedTime":{"0.05":34.4245672619,"0.01":38.3684881481}},"2":{"FrameTime":{"0.05":30.9775753754,"0.01":35.594141791},"DisplayedTime":{"0.05":33.6989426009,"0.01":34.7940291045}}},"percentiles":{"0":{"FrameTime":{"0.0":10.9004,"0.01":13.918819,"0.05":15.846885,"0.25":19.074,"0.5":22.14105,"0.75":26.985725,"0.95":31.644305,"0.99":35.214185,"1.0":137.6934},"DisplayedTime":{"0.0":13.6534,"0.01":16.529674,"0.05":16.596845,"0.25":16.6484,"0.5":16.6843,"0.75":33.3394,"0.95":33.3939,"0.99":33.4679,"1.0":116.703}},"1":{"FrameTime":{"0.0":12.6699,"0.01":17.18058,"0.05":18.82754,"0.25":20.9671,"0.5":22.1083,"0.75":23.2437,"0.95":26.00534,"0.99":34.041108,"1.0":56.0194},"DisplayedTime":{"0.0":13.2406,"0.01":16.485452,"0.05":16.5855,"0.25":16.6418,"0.5":16.6755,"0.75":33.3394,"0.95":33.40516,"0.99":33.523376,"1.0":50.1127}},"2":{"FrameTime":{"0.0":12.2253,"0.01":17.449412,"0.05":18.47683,"0.25":20.1108,"0.5":21.6988,"0.75":24.3982,"0.95":28.81886,"0.99":31.58875,"1.0":86.0093},"DisplayedTime":{"0.0":13.9278,"0.01":16.496568,"0.05":16.58748,"0.25":16.6415,"0.5":16.6739,"0.75":33.34415,"0.95":33.4043,"0.99":33.462192,"1.0":66.7284}}},"mad":{"0":{"FrameTime":4.2863004616,"DisplayedTime":7.8946695081},"1":{"FrameTime":1.7177211088,"DisplayedTime":7.5398987708},"2":{"FrameTime":2.6173442569,"DisplayedTime":7.6253304718}},"std":{"0":{"FrameTime":5.171279304,"DisplayedTime":8.1776904193},"1":{"FrameTime":2.7656435583,"DisplayedTime":8.0212781185},"2":{"FrameTime":3.4114799381,"DisplayedTime":8.0100867413}},"skew":{"0":{"FrameTime":1.244019398,"DisplayedTime":0.6142782104},"1":{"FrameTime":2.9514609369,"DisplayedTime":0.7479272509},"2":{"FrameTime":2.0652071125,"DisplayedTime":0.6543465118}},"kurt":{"0":{"FrameTime":18.0947951846,"DisplayedTime":-0.3963384667},"1":{"FrameTime":19.7705886094,"DisplayedTime":-1.241166599},"2":{"FrameTime":18.7121208552,"DisplayedTime":-1.4425022703}},"delta_dist":{"0":{"FrameTime":{"0.0":0.1148975363,"0.5":0.1138230102,"1.0":0.0993169084,"1.5":0.0924092409,"2.0":0.083506025,"2.5":0.075754087,"3.0":0.0680021491,"3.5":0.0622457595,"4.0":0.0483536726,"4.5":0.0397574641,"5.0":0.0372246527,"5.5":0.0313147594,"6.0":0.0261723847,"6.5":0.0223347916,"7.0":0.0172691688,"7.5":0.0130478164,"8.0":0.0097474864,"8.5":0.0091334715,"9.0":0.0066774119,"9.5":0.0061401489,"10.0":0.00330033,"10.5":0.0034538338,"11.0":0.0033770819,"11.5":0.0024560596,"12.0":0.0021490521,"12.5":0.0014582854,"13.0":0.0006907668,"13.5":0.0016117891,"14.0":0.0006907668,"14.5":0.0009210223,"15.0":0.0006140149,"15.5":0.0004605112,"16.0":0.0016885409},"DisplayedTime":{"0.0":0.5074833065,"0.5":0.0036840893,"1.0":0.0012280298,"1.5":0.0006140149,"2.0":0.0001535037,"2.5":0.0002302556,"3.0":0.0002302556,"3.5":0.0,"4.0":0.0,"4.5":0.0000767519,"5.0":0.0001535037,"5.5":0.0001535037,"6.0":0.0,"6.5":0.0,"7.0":0.0000767519,"7.5":0.0,"8.0":0.0,"8.5":0.0,"9.0":0.0,"9.5":0.0,"10.0":0.0,"10.5":0.0,"11.0":0.0,"11.5":0.0,"12.0":0.0,"12.5":0.0000767519,"13.0":0.0000767519,"13.5":0.0001535037,"14.0":0.0003070074,"14.5":0.0004605112,"15.0":0.0010745261,"15.5":0.0015350372,"16.0":0.4822319441}},"1":{"FrameTime":{"0.0":0.1837205839,"0.5":0.1663687817,"1.0":0.1472296693,"1.5":0.1236967531,"2.0":0.1032916294,"2.5":0.077673518,"3.0":0.0563002681,"3.5":0.0421507298,"4.0":0.0335120643,"4.5":0.0212987787,"5.0":0.014372952,"5.5":0.0091599643,"6.0":0.0072981829,"6.5":0.0043193327,"7.0":0.0029788502,"7.5":0.0020107239,"8.0":0.000893655,"8.5":0.0008191838,"9.0":0.0002234138,"9.5":0.0003723563,"10.0":0.0003723563,"10.5":0.0003723563,"11.0":0.0002234138,"11.5":0.0001489425,"12.0":0.0000744713,"12.5":0.0001489425,"13.0":0.0002234138,"13.5":0.0000744713,"14.0":0.0,"14.5":0.0001489425,"15.0":0.0,"15.5":0.0,"16.0":0.0005212988},"DisplayedTime":{"0.0":0.3615579386,"0.5":0.0037235627,"1.0":0.0011170688,"1.5":0.0003723563,"2.0":0.0004468275,"2.5":0.0000744713,"3.0":0.0,"3.5":0.000297885,"4.0":0.0002234138,"4.5":0.0000744713,"5.0":0.0,"5.5":0.0,"6.0":0.0,"6.5":0.0,"7.0":0.0,"7.5":0.0,"8.0":0.0,"8.5":0.0,"9.0":0.0,"9.5":0.0,"10.0":0.0,"10.5":0.0,"11.0":0.0,"11.5":0.0,"12.0":0.0,"12.5":0.0,"13.0":0.0001489425,"13.5":0.0000744713,"14.0":0.0000744713,"14.5":0.000893655,"15.0":0.0004468275,"15.5":0.0009681263,"16.0":0.6295055109}},"2":{"FrameTime":{"0.0":0.1721729989,"0.5":0.1612854783,"1.0":0.1436401862,"1.5":0.122315663,"2.0":0.1012914852,"2.5":0.0786154077,"3.0":0.0584922661,"3.5":0.045577414,"4.0":0.0320618712,"4.5":0.0202733143,"5.0":0.0152425289,"5.5":0.012689593,"6.0":0.0085598438,"6.5":0.0057065625,"7.0":0.0048806127,"7.5":0.0033037994,"8.0":0.0024778495,"8.5":0.001726986,"9.0":0.0014266406,"9.5":0.0008259498,"10.0":0.0008259498,"10.5":0.0006757771,"11.0":0.0007508635,"11.5":0.0003754317,"12.0":0.0003754317,"12.5":0.0006006908,"13.0":0.0003754317,"13.5":0.0001501727,"14.0":0.0003003454,"14.5":0.0000750863,"15.0":0.000225259,"15.5":0.0000750863,"16.0":0.0026280222},"DisplayedTime":{"0.0":0.3990088602,"0.5":0.0036041448,"1.0":0.0015768133,"1.5":0.0006757771,"2.0":0.0006006908,"2.5":0.0000750863,"3.0":0.0000750863,"3.5":0.0003003454,"4.0":0.000225259,"4.5":0.000225259,"5.0":0.0,"5.5":0.0,"6.0":0.0,"6.5":0.0,"7.0":0.0,"7.5":0.0,"8.0":0.0,"8.5":0.0,"9.0":0.0,"9.5":0.0,"10.0":0.0,"10.5":0.0,"11.0":0.0,"11.5":0.0,"12.0":0.0,"12.5":0.0,"13.0":0.0,"13.5":0.0000750863,"14.0":0.0003003454,"14.5":0.0006757771,"15.0":0.0007508635,"15.5":0.0015768133,"16.0":0.5902537919}}},"dist":{"0":{"FrameTime":{"0.0":0.0,"0.5":0.0,"1.0":0.0,"1.5":0.0,"2.0":0.0,"2.5":0.0,"3.0":0.0,"3.5":0.0,"4.0":0.0,"4.5":0.0,"5.0":0.0,"5.5":0.0,"6.0":0.0,"6.5":0.0,"7.0":0.0,"7.5":0.0,"8.0":0.0,"8.5":0.0,"9.0":0.0,"9.5":0.0,"10.0":0.0,"10.5":0.000076746,"11.0":0.000076746,"11.5":0.0003837299,"12.0":0.0007674597,"12.5":0.0016116654,"13.0":0.0031465848,"13.5":0.005295472,"14.0":0.0055257099,"14.5":0.0082885649,"15.0":0.0123561013,"15.5":0.018495779,"16.0":0.0228702993,"16.5":0.0284727552,"17.0":0.028933231,"17.5":0.0321565618,"18.0":0.0356868764,"18.5":0.0396776669,"19.0":0.0412125863,"19.5":0.0518035303,